Fecha,SPY,QQQ,EEM,VNQ,TLT,IEF,LQD,GLD,DBC
2010-01-05,0.06711392187924302,0.0813683772519474,0.04024227738264032,0.055871145463820104,0.1424825988256431,0.3421555045919772,0.1618501660476883,0.05759642341831764,0.051319585138722965
2010-02-04,0.06703602779710134,0.08115094381491889,0.04032569109099755,0.05595424678915374,0.14193351800503995,0.3423784680816874,0.16219945093803206,0.057550125208422995,0.05147152827464607
2010-03-08,0.06706472924205414,0.08130503913713806,0.040454983625511864,0.05603244595692787,0.14152457021240472,0.34202082502152553,0.16233120935569906,0.057847819210580374,0.05141837823815836
2010-04-07,0.06731344419526711,0.08160895322222227,0.04061358410098383,0.05616390613489072,0.14118727985214521,0.3415530989059442,0.16240097433764913,0.05771160045410564,0.051447158796791896
2010-05-06,0.06723152983992027,0.08151846984449194,0.040597526078030695,0.056089761462529246,0.14090383572631662,0.341374477778871,0.16283559850864152,0.057933141184550785,0.051515659576648096
2010-06-07,0.06654276945375244,0.08078626271390042,0.040422676049347586,0.05617805362401501,0.13965918794200985,0.3415773714022658,0.16464272639047914,0.05843649734363024,0.051754455080599476
2010-07-07,0.06630646407958304,0.08032734732641736,0.04033338840811929,0.05621866957301998,0.13981837250090903,0.34230857348781224,0.165026445321351,0.058041475989445104,0.051619263313343156
2010-08-05,0.0662257425526404,0.08003515631800512,0.04049698116696922,0.056279040579712565,0.13937754889603077,0.34282372810281997,0.16551505092068597,0.057878863681520704,0.051367887781615426
2010-09-03,0.06657123252596087,0.08064814788756224,0.04092112154058973,0.05673515760026467,0.1372199426411531,0.3419055673623354,0.1657844509552812,0.058555416092312795,0.05165896339454004
2010-10-05,0.06666419567750823,0.08076326183425336,0.04107908472745124,0.056906883021639786,0.13623515591905982,0.3419417732269722,0.16567721850157896,0.05885999358944954,0.05187243350208686
2010-11-03,0.0667259030358257,0.08085917659759237,0.041219444816242644,0.05707626632256587,0.1357215354237107,0.3420179820813014,0.16592060277900803,0.058653801133266674,0.05180528781048661
2010-12-03,0.06698588773691781,0.08150413570345626,0.04171969361050765,0.05732155020637297,0.13425783151683585,0.3405455387779015,0.1668314948626929,0.05922739345943526,0.05160647412587986
2011-01-04,0.06725791525412146,0.08204676105263944,0.042029903653807384,0.0575292832915025,0.1340368012666592,0.33817085726270874,0.16730079707573645,0.05974499576216878,0.05188268538065599
2011-02-03,0.06739736800345555,0.08249819845596144,0.04209090537665456,0.05785797190646628,0.1339205230113944,0.3376017121574714,0.16725005009006622,0.059618922615848266,0.05176434838268197
2011-03-07,0.06702181647042348,0.08236670922100661,0.04197436918633502,0.0576384334136622,0.13413879497470801,0.33740230082052575,0.1674907552519623,0.05995999497290328,0.05200682568847339
2011-04-05,0.06687290387818152,0.0822574407963296,0.04193041620261667,0.057435784014234915,0.13381175034860643,0.33838194313922315,0.16693799929575037,0.06031816516477169,0.05205359716028583
2011-05-05,0.066950483778626,0.0823728565828947,0.0418986028959504,0.057407404974342456,0.13352575600473632,0.3383495327315135,0.16694492663956467,0.0605455723607806,0.05200486403159132
2011-06-06,0.0667736694634737,0.08206239858713078,0.04179274450172963,0.05739505387082922,0.1332637804335283,0.33919408592867606,0.16736184591717793,0.06076956926271769,0.051386852034736724
2011-07-06,0.06683382270308635,0.08191037848505894,0.04185438481227934,0.057519875764369024,0.1329745352541673,0.3390297000662433,0.16763710218988026,0.06088021198266799,0.05135998874224765
2011-08-04,0.06695253720801891,0.08189679263455224,0.04197047895685784,0.058148761915833846,0.13181392994530217,0.3380936299452536,0.16789035523190943,0.061214328634118735,0.05201918552815336
2011-09-02,0.061357921177885716,0.11950359477541264,0.03894781882470002,0.039580990084536125,0.0973363156142261,0.18466370001282825,0.22470683282931855,0.1509445208851003,0.08295830579599234
2011-10-04,0.060912701053470096,0.11550521454574314,0.03956402652312965,0.03920159351444194,0.08436267160601785,0.16504511889599482,0.26366375710887513,0.14888659367779153,0.0828583230745358
2011-11-02,0.063032790963574,0.11686226760548314,0.04213249933379886,0.03731576930702608,0.07510256738151905,0.15313385021782883,0.28907030897846236,0.1438922050315627,0.07945774118074517
2011-12-02,0.06696525199505693,0.12179459812897672,0.046176496828627456,0.03980519917011269,0.07122870864540064,0.14798697074048894,0.2798033444399031,0.1468651007985662,0.07937432925286728
2012-01-04,0.06578827865425556,0.12135280208355272,0.04564820822735347,0.040997534518937555,0.0703399410330056,0.14782844019927505,0.2878039781476232,0.14257739165162442,0.07766342548437233
2012-02-03,0.06658480756752833,0.12135193676877386,0.046269745601122084,0.042301838333352305,0.0692603528325604,0.1443035557631772,0.2888629456596108,0.14263561164946778,0.07842920582440721
2012-03-06,0.06818142691540537,0.12149763595589264,0.04719794195026845,0.04340386915002557,0.06890876220561215,0.14448863789405295,0.2889141200445662,0.13887884937590997,0.07852875650826667
2012-04-04,0.0396700475174444,0.0384994163091966,0.05295225519699673,0.04888040216893614,0.1046405957267416,0.2535392255073508,0.26905591818460806,0.11225475446516109,0.08050738492356455
2012-05-04,0.07294158212084013,0.08012241211468085,0.049756002742653016,0.07651959261764416,0.09370809266156631,0.2830909373499535,0.24495460536396385,0.05199060826608541,0.04691616676261283
2012-06-05,0.07223175443602292,0.07865988641544572,0.049367145977086524,0.07977700097962714,0.09325174243312875,0.2852225435997757,0.2440532307324307,0.050560157450790996,0.046876537975691634
2012-07-05,0.07146730125290017,0.0773751994776953,0.04877854687726822,0.08097126614428447,0.09265208155257618,0.28657238324691436,0.24630808446755484,0.049761792799792065,0.04611334418101448
2012-08-03,0.07003705762032862,0.07585031804243322,0.04801492583236826,0.08149883041873138,0.09271673553087165,0.2880970160264386,0.24956747166909365,0.048719074063490964,0.04549857079624378
2012-09-04,0.07005709923599689,0.07585406053854413,0.047974170977656834,0.08329492030326871,0.09239163844112279,0.28646833288755086,0.2498373500301664,0.04842406170200687,0.04569836588368655
2012-10-03,0.0699352189458431,0.0755615319400186,0.047773815051789154,0.0851990262149857,0.09166239760834027,0.2848452215356447,0.2511576365830135,0.04809578265935073,0.04576936946101427
2012-11-05,0.06956869275612935,0.07485020863208111,0.047938335602826065,0.08597286054008695,0.09121810053781378,0.28259435261027427,0.2540548890024218,0.04776266593616355,0.04603989438220312
2012-12-05,0.06915571296567065,0.07460773289580518,0.04820307390997257,0.08758444664190858,0.09065033339678756,0.2814992813195043,0.2541139368227928,0.04791670680302565,0.04626877524453292
2013-01-07,0.06855200216760074,0.07421489546773256,0.04811051372488548,0.08747062601104326,0.08986826364700583,0.2812264548170812,0.2544485106267453,0.0492931253724313,0.04681560816547452
2013-02-06,0.06881542733243033,0.07479575389259584,0.04832388665480976,0.08781181786465651,0.08948723390211892,0.2795129653579233,0.25362354317834046,0.049978712422045386,0.04765065939507946
2013-03-08,0.06884054573423491,0.07521647725702192,0.04877574678726109,0.08800800721499695,0.08881909523447622,0.27819068155002374,0.25250801764696695,0.05078747784456511,0.04885395073045315
2013-04-09,0.06843870300561232,0.07494677118265874,0.048635901869276146,0.08811884951693273,0.08837916312618208,0.27807053862186953,0.2533197072183366,0.05101151452590341,0.04907885093322864
2013-05-08,0.06864537938728393,0.07430587852335643,0.04899410414757924,0.09073159443953806,0.08860991509816347,0.2801281086183447,0.25319633240448125,0.04719266475501214,0.04819602262624073
2013-06-07,0.07141173944729214,0.07676924884115635,0.05093954843226442,0.09373789877667488,0.08780387183696076,0.27559489689887245,0.24936062804147868,0.04589554653422137,0.04848662119107895
2013-07-09,0.07392630774414154,0.07929843659717976,0.052280513980000415,0.09499628709632518,0.08829674686574228,0.2722336778951702,0.2433813725117465,0.045846260612878297,0.049740396696815806
2013-08-07,0.0757948879605668,0.08072681944850311,0.05269071744441981,0.09665378705425269,0.08834782280926322,0.26915348636055336,0.2400450523542677,0.045869976393109795,0.05071745017506348
2013-09-06,0.07711980668712254,0.08198812682220255,0.053002035830969955,0.09606925505756204,0.0891833116558942,0.26702076686061055,0.23899116366991957,0.0454339121039277,0.05119162131179094
2013-10-07,0.07769882898086734,0.08230187480139349,0.052838403368354894,0.0960111380498881,0.09013621119318949,0.26715037972973077,0.2384368594609416,0.04439628804803334,0.051030016367601065
2013-11-05,0.07725256765595497,0.08224187260777799,0.05278667266577999,0.09531985550793849,0.0902523408468479,0.26673142560577406,0.23853531988111917,0.04472688925989859,0.05215305596890887
2013-12-05,0.07719613335054434,0.08220262012764233,0.05277646227378403,0.09531968144610063,0.08992567085659738,0.267104160447501,0.23692147846680933,0.04477959224014961,0.05377420079087141
2014-01-07,0.07570496776706838,0.0805432887644259,0.05150054287835225,0.09435391739205735,0.08996796826122207,0.2717788326585851,0.23899303278495354,0.04393226487267042,0.05322518462066501
2014-02-06,0.07508552581726317,0.08017311894031427,0.0512691386166001,0.09410166150364291,0.08993680174598549,0.2728413928896591,0.23848815074844282,0.044081638082928885,0.054022571655163346
2014-03-10,0.07500585017253193,0.07981870635103473,0.0510303353024883,0.09445370557885492,0.09000383931191544,0.2737397253644441,0.23857475610282522,0.04357526435088789,0.05379781746501743
2014-04-08,0.07531458262205068,0.07997323673274148,0.05122361396375037,0.09411764381901082,0.08998620848702805,0.27228361322623595,0.23822479322300327,0.04371219852216446,0.05516410940401493
2014-05-08,0.07491548198977754,0.07935002240882585,0.051360402796066705,0.09410229003458863,0.08980418040674064,0.2730287414241246,0.2373055738664642,0.043995945106277266,0.056137361967134564
2014-06-09,0.07495916688484497,0.0793548179700809,0.051338145593520984,0.09375425927588324,0.08930627888537142,0.271329683246938,0.23566762422494916,0.044213920257970746,0.060076103660440534
2014-07-09,0.07538279558758194,0.07990965558764283,0.051486249014579995,0.093800007428329,0.08888077614589227,0.2714470994059483,0.23388230106523858,0.0440897397391586,0.06112137602562848
2014-08-07,0.07515000921950539,0.07954767333097541,0.05114621951791408,0.09398635773822847,0.0893356856775912,0.272634467030646,0.23411692211641455,0.043396113382325865,0.0606865519863991
2014-09-08,0.08007120346589248,0.08073021308606533,0.05185953173360993,0.09794747310857786,0.08887139386086004,0.265647889943111,0.23800970487167158,0.040263151463177965,0.056599438467033636
2014-10-07,0.08367477944879062,0.08192693606268682,0.05376246522830507,0.09938420848033336,0.09026222809288444,0.259643943893139,0.23267784379204,0.04114359783876841,0.0575239971630523
2014-11-05,0.08593340106600812,0.08300218782121085,0.056005796734402875,0.10249831585052081,0.09156398754913884,0.254822262851499,0.22575950426452418,0.041622512236654904,0.05879203162604051
2014-12-05,0.09164025025100624,0.08743813671116056,0.05904840719852604,0.10512751718770362,0.09050850242664822,0.24683169327626292,0.2202849116341189,0.041221179524723164,0.05789940178985031
2015-01-07,0.09196672003987376,0.08833199989140103,0.06036243266677264,0.10459764181189972,0.09068044211426016,0.24115434016082712,0.22097341689770936,0.04235534271675734,0.05957766370049885
2015-02-06,0.09080017465310691,0.0885183101957968,0.06064335002214075,0.10581831569532463,0.0902395056396416,0.24158856065942436,0.22020457677207678,0.043061510247030095,0.05912569611545808
2015-03-10,0.09240533119208526,0.09056196182221836,0.06188530927989049,0.10377904976664362,0.0904772252300142,0.23906305505652717,0.21742331662075234,0.044506022091053914,0.05989872894081466
2015-04-09,0.09229193400615723,0.09068254228217358,0.06225024447481426,0.10226102263978794,0.09115674126866169,0.23933685027759594,0.21812454949311116,0.04496554828207728,0.05893056727562087
2015-05-08,0.09371366576161233,0.09251776239352187,0.06303308591783273,0.10164745146474957,0.09081609362156084,0.2378372132129481,0.21531264927820704,0.045402818946521956,0.059719259403045725
2015-06-09,0.09650510910534096,0.09519107696327228,0.06488479610298653,0.10193924893727764,0.09042952009236474,0.2325486108981824,0.21292600570166956,0.04597885231204909,0.05959677988685685
2015-07-09,0.09870678052508476,0.09853889706852376,0.06606689720635316,0.10198371309098413,0.08879219338202327,0.2272575676892768,0.20840182427333828,0.04767122877464011,0.06258089798977588
2015-08-07,0.09997895933164051,0.09958659036807556,0.06665404978039634,0.10175854826970594,0.08822047638878926,0.22496854683893353,0.20729098127731377,0.04799048545344499,0.06355136229170012
2015-09-08,0.09375466098977474,0.09464232585494517,0.0645134626107435,0.10056228099467351,0.09017266758058867,0.23264442794573087,0.2115721785784202,0.04944195786917516,0.06269603757594817
2015-10-07,0.0921966735555228,0.09367930379855742,0.06412523866367473,0.1007060112289436,0.090424955845036,0.23409706228912228,0.21211005116700088,0.04970077563837958,0.06295992781376286
2015-11-05,0.09244486809865678,0.0944022655510511,0.06375387336377515,0.1000515318754474,0.0906145040196599,0.23458218113891305,0.2102557814163591,0.05021593380318801,0.06367906073294961
2015-12-07,0.09357767408700912,0.09539307698079538,0.06419808529054317,0.09856462356760413,0.09059579785683294,0.2344570398560911,0.20838375019020225,0.050672553378894106,0.06415739879202781
2016-01-07,0.09291663324844189,0.09531623100359649,0.06340607050918005,0.09861236315603096,0.09105314716512823,0.2353083613815867,0.2095641059248916,0.0505117579471574,0.06331132966398681
2016-02-08,0.09004355044510373,0.09224428755180605,0.061699636299702126,0.09794369018058639,0.09187469445382253,0.24051408598731416,0.21194353381012374,0.0513239663819586,0.06241255488958264
2016-03-09,0.08958565588081004,0.09223696492963401,0.06111079077244578,0.0977435274274709,0.09189025993854762,0.242484274115037,0.21164186028759474,0.05132351336904083,0.06198315327941907
2016-04-08,0.08965582202946552,0.09199290002521746,0.06079943484395756,0.0974890743794084,0.09252009632443291,0.24325613113733566,0.2118847635268482,0.05088839865841173,0.06151337907492264
2016-05-09,0.09020824555879887,0.09389444709990832,0.0604874039722482,0.09578100563439675,0.09163693149325183,0.24011793182265417,0.21018614630420598,0.05511275007736441,0.06257513803717153
2016-06-08,0.09001337540654022,0.0935828505124896,0.06018937481534437,0.09582042263112285,0.09202238411233563,0.24058065399461379,0.21029579843237253,0.055855932951609066,0.061639207143571746
2016-07-08,0.08676024905389333,0.0913339084411777,0.05805192660619384,0.09688078581668244,0.09134021592090133,0.24134963514211524,0.21674272295769634,0.05724486156450327,0.0602956944968365
2016-08-08,0.08148499524258751,0.06848689223490032,0.06258737497261746,0.08287952956404335,0.09889873179032521,0.24857872430596303,0.23673018145178928,0.05904619158521996,0.061307378852553926
2016-09-07,0.08517935261604723,0.09014908383285163,0.05757347151258546,0.09760579673185454,0.09065665183836805,0.2443246976134123,0.21835348406725977,0.05756044068225111,0.05859702110536991
2016-10-06,0.08389756670804804,0.08955985345527122,0.05719871233175904,0.09600123085768762,0.08990395786266177,0.24544711741863628,0.2197680663942344,0.05954294611999034,0.05868054885171126
2016-11-04,0.08415167521209116,0.08962928184886888,0.057064143603585686,0.09539633397374195,0.08954139938816284,0.2460813187205502,0.21958750129284624,0.06008222642334446,0.05846611953680854
2016-12-06,0.0850634641020965,0.09040299261055497,0.05723127652380121,0.09522317469499246,0.0889097573556997,0.24539863729472122,0.21853343277386109,0.061154653399483186,0.058082611244789736
2017-01-06,0.08549617465128963,0.09092276009975732,0.057755926439439935,0.0946800458371879,0.08870518576973112,0.2447314106906542,0.21742114921959602,0.06207565689597387,0.058211690396370086
2017-02-07,0.08646727681769005,0.09139067323913133,0.058335738035211394,0.0944925240988049,0.08860674682269966,0.24404777144669032,0.21706424291886436,0.06206461333227764,0.057530413288630455
2017-03-09,0.08662555688659639,0.09191193685662724,0.05859061526176728,0.09414826979244807,0.0883106119112842,0.2435204327649273,0.216647071928129,0.06266496449668504,0.05758054010153543
2017-04-07,0.08692254883038508,0.0926095897811247,0.058640663657422896,0.09407183026864582,0.08819274720972843,0.24394639402912927,0.21559074332649777,0.06275321029884885,0.05727227259821721
2017-05-09,0.08744863838202817,0.09408097650676604,0.05861605941245648,0.09392136282192372,0.08809972557686033,0.24310028918905183,0.21491253111045613,0.06287349007331122,0.05694692692714589
2017-06-08,0.08414934266638525,0.07121076959466598,0.06424566798244526,0.08146903216548572,0.09659839834998478,0.24640804441030692,0.23561671507452617,0.06341250743760674,0.05688952231859326
2017-07-10,0.0842556154316661,0.07042111581999105,0.06401445606862752,0.08106263338392364,0.09684885405975333,0.2467696384089268,0.23604294132350093,0.06396314108151553,0.05662160442209517
2017-08-08,0.0879453148083123,0.09353304316675186,0.058563359408660975,0.09317879149010375,0.08819632040231547,0.2433902781582509,0.21449457797518048,0.06444392679608234,0.05625438779434191
2017-09-07,0.08771549488236693,0.09293011026600077,0.05848303854939948,0.09315627049649378,0.08857630853806217,0.24411324427744135,0.21458350745297808,0.06447191154564288,0.05597011399161463
2017-10-06,0.08503633218000654,0.07041906000042027,0.06440237010538188,0.08145794974382622,0.09708199977940385,0.24676610837302504,0.23461054111636537,0.06432346696721436,0.055902171734356465
2017-11-06,0.0868924840365414,0.07150224807704395,0.06446342016024219,0.08164126194713019,0.09665057227740664,0.2457998598188567,0.23335658326752096,0.0640459992531265,0.05564757116213151
2017-12-06,0.0863666681678584,0.07088712946058331,0.06427972901043168,0.08115892815474667,0.09644073349737421,0.24306974133365256,0.23520747406705253,0.06627344739399145,0.056316148914309284
2018-01-08,0.08773396512694144,0.07129764948579971,0.06424234834176445,0.08100739806699442,0.09631560443331401,0.24460415667089966,0.231632950452477,0.06694249337131998,0.056223434050489296
2018-02-07,0.08601004965706709,0.070172762668943,0.06348363833973797,0.07961039204014256,0.09732576364894886,0.24717837804646103,0.23236801771627869,0.06727106381472049,0.05657993406770032
2018-03-09,0.08223360899203931,0.0672593988484416,0.06133721092223685,0.07847921307101925,0.09815391101530814,0.2528569414630284,0.23489793559328348,0.06801741719576342,0.05676436289887963
2018-04-10,0.08238279101665529,0.08618296810628577,0.05561487123280172,0.09140257364310576,0.08915289898984909,0.2538774607882015,0.21383648174531414,0.06908095092480272,0.058469003552984025
2018-05-09,0.08163405322335136,0.08501908106129595,0.055367758401335204,0.09124466262597686,0.08984680479226316,0.25427655839678087,0.21469801405919156,0.0695918682901521,0.0583211991496531
2018-06-08,0.04358485347538862,0.035223416896532585,0.056787384319179804,0.08828025286715396,0.09652424729656021,0.21825969597409514,0.2711017001843632,0.10499021075065268,0.08524823823607383
2018-07-10,0.04326837365605846,0.03471901265776318,0.05636824032986565,0.08698143029721303,0.09804448145557913,0.22082792153477548,0.2723206684695908,0.10366338525230542,0.08380648634684901
2018-08-08,0.0432423006457781,0.03460961801050189,0.05631782445912461,0.0861554461717038,0.09873794742037724,0.22224273238298048,0.2720692631220131,0.10366821364592056,0.08295665414160033
2018-09-07,0.08145282150607845,0.06436680720648504,0.059917966960230544,0.0790278731876613,0.10102484114391816,0.2571702204205349,0.23616198943841363,0.06513821406997505,0.05573926606670295
2018-10-08,0.047692080341487475,0.03712480301366721,0.05808044768061667,0.0892270368821678,0.0976844186780679,0.21813680473267724,0.2659178059838472,0.10098793645394917,0.08514866623351913
2018-11-06,0.04566813340458221,0.034913915444055525,0.05679339386827949,0.08764345053122935,0.09865021945041252,0.2207180902312439,0.2688801472068794,0.10177938896269341,0.08495326090062423
2018-12-07,0.04392060586322465,0.03322745564579518,0.055306851430242894,0.08839570232566195,0.0992017520793072,0.22178778641630112,0.2723365859795242,0.10241655254357086,0.08340670771637193
2019-01-09,0.041722777925152686,0.03155259924939672,0.05552838762198449,0.08506919853104382,0.10085407382221544,0.22298149255671018,0.2744957599150557,0.10466913859081803,0.08312657178762288
2019-02-08,0.042909432009847225,0.03231844838489246,0.05677677705311581,0.08742731345793939,0.10081159002192276,0.22076325220699128,0.26905154869544845,0.10423741950690046,0.08570421866294228
2019-03-12,0.04313168985221443,0.03233310862885722,0.05695302225644006,0.0883314546146138,0.10048721132785501,0.21944155002726393,0.26699640719355827,0.10622589976570534,0.08609965633349194
2019-04-10,0.04296878705442102,0.032240604231303774,0.057126943531904256,0.08913740822626329,0.10021806235231404,0.21871151482875514,0.2642244663065831,0.10801574468398163,0.08735646878447395
2019-05-10,0.04279622137085654,0.03213654787291575,0.057266146113897604,0.0884856436459918,0.10069283739627577,0.2192965336555678,0.26178678985616166,0.10906077569611321,0.0884785043922198
2019-06-11,0.04201004500008527,0.031378408270582726,0.056873512327159814,0.08872493103662976,0.10037691083050707,0.21888685461197183,0.26317169343090413,0.11068928538028269,0.08788835911187681
2019-07-11,0.042696578278408524,0.03157153534259285,0.058208585392160735,0.08788069125199299,0.10149479523771754,0.2217296590079756,0.256492527054224,0.11073828412528872,0.08918734430963904
2019-08-09,0.041867613184083316,0.031073805219100536,0.05777070590851529,0.08753186210744775,0.10211120427340936,0.22124266715569862,0.25842101321804395,0.11072763553284153,0.08925349340085963
2019-09-10,0.040839959927408236,0.030512698384970387,0.05790627552305919,0.08820117174455547,0.10096340518584584,0.22178806783367927,0.2591846707503208,0.11047638915002458,0.0901273615001364
2019-10-09,0.04123482270730093,0.03069239907209598,0.0593463904702881,0.09218792915957312,0.10000846286917991,0.21871366151560623,0.25631586695907815,0.11094959046809968,0.09055087677877792
2019-11-07,0.041582686895006,0.030942593905782696,0.06003417027240166,0.09453786058516668,0.09926656952190438,0.21638742817082424,0.25505201639883385,0.11083482219938685,0.09136185205069364
2019-12-09,0.04078682701591797,0.030445921737686083,0.06013204008555997,0.09335712806582126,0.09985872275467442,0.21667523802892255,0.25654038956032593,0.11128750158924436,0.09091623116184747
2020-01-09,0.04061992814676473,0.03027555307079232,0.06009011416216852,0.09420938133914893,0.09918971371218228,0.21573036189036104,0.25692705823340567,0.11201682047338414,0.0909410689717924
2020-02-10,0.03997952942728776,0.02983576370899711,0.0585768332025397,0.09410337794130721,0.09869688739191852,0.21643053935833845,0.2593189374110905,0.11292942584100635,0.09012870571751438
2020-03-11,0.03633493785249688,0.028855793195869735,0.05938498770555075,0.08428970215619669,0.10325253646030748,0.22527915192375608,0.25497038936266275,0.12208771180840167,0.08554478953475797
2020-04-09,0.0650716724474932,0.1070632713567763,0.0585527197921896,0.06741427692835046,0.17206301508839347,0.24188554446998575,0.1034025091897671,0.08428671478586064,0.10026027594118352
2020-05-11,0.06420833572393862,0.10669616120208548,0.05802342181953638,0.0658751053507464,0.17260196978028078,0.24820271769649024,0.10161523675774399,0.08418894974213695,0.09858810192704105
2020-06-10,0.06376537564315571,0.1069043298757722,0.05752974507962355,0.06412904874571407,0.17227880869664455,0.2508169511801999,0.10225518371645231,0.08415606621539001,0.09816449084704776
2020-07-10,0.06252554095839667,0.10720877579429358,0.05656073531620241,0.0625200186105152,0.17323262719090396,0.2538493488444751,0.10229169255397176,0.08468599155740088,0.09712526917384048
2020-08-10,0.062337052280580466,0.10648857510752825,0.05639358464608806,0.062246579548786,0.17362488173252108,0.2552195475921631,0.10288854687767941,0.08382391385081782,0.09697731836383582
2020-09-09,0.062311915832386267,0.10462018701994208,0.056626604086545435,0.06238801940021828,0.17208790327513473,0.25860032987521914,0.1042752514140731,0.08163886918045903,0.09745091991602214
2020-10-08,0.061560288571524374,0.10316337009400878,0.056343671811919536,0.061640006851923654,0.17239088330503788,0.26171684253378535,0.10498666584850797,0.0818560888606957,0.09634218212259686
2020-11-06,0.061153092890859774,0.10155659497056671,0.05629797388338737,0.061495970652923185,0.1714845999454896,0.26437387063784623,0.10568237012472931,0.08190359489960519,0.09605193199459273
2020-12-08,0.061307552047955106,0.10149620461804336,0.0565225160640141,0.0614490006338769,0.1705667388040325,0.2648069411089994,0.10649117303832352,0.08076154502353157,0.09659832866122348
2021-01-08,0.06129226669905653,0.10119985833550493,0.05652495079905476,0.06132142162520099,0.1705915578190192,0.26570422141676114,0.10678250729103969,0.08036593451952001,0.09621728149484282
2021-02-09,0.06144566103390546,0.10106821419328531,0.05646423556433073,0.061216848776744257,0.170690495053898,0.26694237984475483,0.10723625572239139,0.07960338957607561,0.09533252023461432
2021-03-11,0.06270625575823853,0.10059646146497549,0.05757114280302893,0.062393612062624025,0.16861815859042853,0.26563606263811596,0.10704154425920481,0.07936269049637734,0.09607407192700648
2021-04-12,0.06389939979640677,0.10152691260053001,0.05826798771476345,0.06268600760259462,0.1675057044528041,0.2654143954528082,0.10711895091251775,0.07961038377681828,0.09397025769075694
2021-05-11,0.0640640066857003,0.1017200453045807,0.05832691462289441,0.06282380655910115,0.16731838923169473,0.2653615416834547,0.10715551478760027,0.07940586355644727,0.09382391756852652
2021-06-10,0.0639788959303138,0.10091906656271148,0.05842351922220725,0.06271346493971812,0.16711284665692103,0.2672429697211066,0.10729314248108622,0.07926754564591597,0.09304854884001955
2021-07-12,0.06416731706965165,0.10123677879991484,0.058701267189655605,0.06291294960773218,0.16598685641144975,0.26663002725300594,0.10789000319348267,0.07914490503211417,0.09332989544299335
2021-08-10,0.06454102669744884,0.10202837351418587,0.05908276623578875,0.06310449338639319,0.16581695728811366,0.2657570431032708,0.10778268189345386,0.07878856893657821,0.09309808894476694
2021-09-09,0.06475616714280778,0.10225153900839264,0.059578409910542994,0.06332783674748042,0.16568201892440135,0.2655941947096644,0.10771682618143413,0.07877942479787725,0.09231358257739918
2021-10-08,0.06471377277946408,0.10232122710467138,0.05976091079324358,0.06350000223518253,0.1654434774852913,0.26588163716905644,0.10769711203102392,0.0784762647323953,0.09220559566967161
2021-11-08,0.06567397372487567,0.10452629354960005,0.060916100513616685,0.06380853224846202,0.16412922735533594,0.26356618864185055,0.10704948732583135,0.07821469446231476,0.09211550217811289
2021-12-08,0.06668638566973922,0.10648082072335613,0.06196940047315817,0.06378551435487204,0.16311789394532383,0.2612633859005451,0.10703062913078319,0.07830139677044558,0.09136457303177667
2022-01-07,0.06791672077729556,0.10799363136660337,0.06233655590431268,0.06436118077377657,0.16111422273117007,0.26029390135470165,0.10630372802781704,0.07798345537754937,0.09169660368677361
2022-02-08,0.06797633246880724,0.10700707910667136,0.062651632682803,0.06464124500790065,0.16047967936896995,0.26019286268759906,0.10636468618291785,0.07809417000655668,0.0925923124877742
2022-03-10,0.06883276368651625,0.07652570295971138,0.06366325673859888,0.08805629056350447,0.10012227168910642,0.31272508959974044,0.14566523927409525,0.07997082438073079,0.06443856110799613
2022-04-08,0.06996466704857429,0.07737689400367458,0.06372251609471598,0.08867443744519457,0.09977953891282128,0.3106358822973219,0.14511827315402176,0.08118665954983018,0.0635411314938456
2022-05-10,0.06972104551274902,0.07676643720709078,0.0645417445977145,0.08854224071413029,0.09921680555497436,0.3110160873376956,0.1444603268577819,0.08230487994291165,0.06343043227495192
2022-06-09,0.06967068480804153,0.07673610116103743,0.06485915869841499,0.08844430555340238,0.0985447778946574,0.31096657849509396,0.1442977806922281,0.08260062998063468,0.0638799827164895
2022-07-12,0.07022447738931409,0.0776920884071027,0.06594049332545324,0.08837732025643161,0.09835557917238048,0.30529530523964765,0.14494097840868575,0.08536665461499417,0.06380710318599035
2022-08-10,0.07102769273891503,0.07831117602585695,0.0670749403203995,0.08865468944245239,0.09818101979614476,0.3015264957517506,0.14461921590474458,0.08678721395221692,0.06381755606751935
2022-09-09,0.07144783127492693,0.07846767159004979,0.06768144736699784,0.08854269084087643,0.09839742319915178,0.30096084783984833,0.1435141065561474,0.08747500637787523,0.06351297495412644
2022-10-10,0.07180897790351973,0.07851036429108618,0.06842429391361908,0.08828300870222096,0.09915060936926846,0.29841914158392013,0.14399427704313664,0.08793192194396639,0.06347740524926228
2022-11-08,0.07185734952475357,0.07814782690417801,0.06845100303984887,0.08791430872493426,0.09925772183243581,0.29912269889678134,0.14445975813776546,0.08749430680684296,0.0632950261324597
2022-12-08,0.07243506807683762,0.07811502388821145,0.0692724332413587,0.08796324933386791,0.0991160204971841,0.2976057986630136,0.143992048653883,0.08783796281357793,0.06366239483206566
2023-01-10,0.07272550484147039,0.07893247128753421,0.09905311634665122,0.06139551548900978,0.09789671892379799,0.29431799507417555,0.14237634089957737,0.08885307234164808,0.06444926479613555
2023-02-09,0.07332398136806424,0.07916619813895479,0.0999042665179985,0.06171808357938537,0.09802786278703311,0.29191773192549214,0.14247099637102967,0.08876768922216711,0.06470319008987509
2023-03-13,0.07655757219802398,0.08099799332454084,0.10010131177033157,0.06305925867824817,0.09868753200785163,0.2859287137485035,0.14090304958407002,0.08844051032640761,0.06532405836202286
2023-04-12,0.08438952279771572,0.08120002807668697,0.10122177440780993,0.0724487681038138,0.0929121534945451,0.26436071472398914,0.15983718661185728,0.08362666490733447,0.06000318687624758
2023-05-11,0.08566226777272902,0.08216766410803097,0.10166140922159177,0.07483812211935191,0.09150141169548127,0.2557400815974248,0.1631361468838667,0.08437988244022657,0.06091301416129699
2023-06-12,0.08631529928367056,0.08188082408770256,0.10256089634367244,0.07716384641800815,0.09150588953081587,0.2526515949142284,0.1631272345630634,0.08420318324643442,0.06059123161240429
2023-07-13,0.08874582293425355,0.08276173236337404,0.10360739612789746,0.07975812877384308,0.0909996886659853,0.24737540873813432,0.16189871959540122,0.08414304415290366,0.06071005864820735
2023-08-11,0.08940833695888911,0.0837088010492707,0.10373609050688355,0.08057276359648122,0.09031800085825298,0.2443396429174138,0.16063466636580329,0.08595492672167188,0.061326771025333536
2023-09-12,0.08979148088173033,0.08513242671777009,0.10294073123608657,0.08043747134821597,0.08959459773857223,0.2401754995317535,0.1592355659089408,0.0905432904736382,0.062148936163292465
2023-10-11,0.09118150118508433,0.08677320082947579,0.10315723909420992,0.08157457976964327,0.08845957481107757,0.2369215438823727,0.15765704194510335,0.09149578289374898,0.06277953558928408
2023-11-09,0.09322787914029405,0.08910311105625181,0.10357930201499282,0.08185200888569087,0.08700695909965481,0.23295510916207834,0.15630984116263083,0.09249050844356208,0.0634752810348444
2023-12-11,0.09406700430806003,0.08989316643655115,0.10402735786148115,0.08215445497345673,0.08673971550575418,0.22997976818852067,0.15509223477479417,0.09456198872944496,0.06348430922193693
2024-01-11,0.09456725492229025,0.0904357505159028,0.10444368183106409,0.0821370767981699,0.0864549820139913,0.22840063157633736,0.15445617759149485,0.0953627766289326,0.06374166812181693
2024-02-12,0.09549878826152249,0.09126550344589744,0.1050738428177651,0.08231612241099981,0.08587188659304662,0.22463405137480763,0.15373515404593166,0.09736199123680661,0.06424265981322266
2024-03-13,0.09546334189843775,0.0919096150472473,0.10566603935266523,0.08161055722264915,0.08585927203583173,0.22317758535220147,0.15404911463979742,0.09791682336332963,0.06434765108784041
2024-04-12,0.09575224091890973,0.09263944997845117,0.10692282849542602,0.08106617546870482,0.08573674604768683,0.22114451003115035,0.15354145245020537,0.09748053698787673,0.06571605962158879
2024-05-13,0.09584370550709798,0.0929360432767955,0.10687551439212807,0.08111752143555907,0.08588225543835519,0.22089302678663572,0.153564561093516,0.096852062067251,0.06603531000266144
2024-06-12,0.09663011148427147,0.09332777968641565,0.10783224891521753,0.0816005446337183,0.08595069363125978,0.22041765115646966,0.1540686811506253,0.0943353945055303,0.06583689483649202
2024-07-15,0.09723849479318084,0.09339894135885686,0.10796904797883536,0.08193022722757669,0.08583081945406794,0.21878235393760187,0.1535879386272516,0.09480066635238242,0.06646151027024653
2024-08-13,0.09749791822773506,0.09214821596159029,0.09313344428280469,0.09457215587037264,0.08811064512926113,0.2151562720241552,0.15801355692449204,0.09428902316041075,0.06707876841917822
2024-09-12,0.09670826880358044,0.09149115909322066,0.09329245035632479,0.09469202554502237,0.08816636283114844,0.2150630090134037,0.15814659285511667,0.09469898663016596,0.0677411448720171
2024-10-11,0.0977046986694648,0.09158547159945075,0.09261510655086622,0.09505953185104488,0.08861468380819501,0.21487908001760359,0.1584417303195254,0.09400043430493855,0.06709926287891087
2024-11-11,0.09797785614989563,0.0917028114111197,0.09271396093270426,0.09477844300924301,0.08878151805558789,0.21463707657664208,0.15853365630868418,0.09368632464111569,0.06718835291500751
2024-12-11,0.09908169978194269,0.09215987143607603,0.09337483412359845,0.0947185153363983,0.08912033518943649,0.21399497847550153,0.15852679533055083,0.0913246173658112,0.06769835296068451
2025-01-14,0.0991054152006533,0.0925340175080621,0.09360709973458838,0.09420825417724962,0.0894550671989369,0.2139129572988461,0.15834013289822138,0.09093777083102808,0.06789928515241417
2025-02-13,0.09979757535314283,0.09317783755762363,0.09392700180473164,0.09420217605971444,0.08953994186201368,0.2135205889603198,0.15843356628529318,0.09004979784816601,0.06735151426899476
2025-03-17,0.09911224853133192,0.09067891582836392,0.09344559208112779,0.0941794109740413,0.09000203188745579,0.21530644964601325,0.15979316465369195,0.08837770558259674,0.06910448081537744
2025-04-15,0.09122108352272239,0.08655971658822831,0.09302721226126141,0.09479004019002917,0.09250468223819353,0.22186407938463829,0.16291087781427743,0.08671143265920654,0.07041087534144296
2025-05-15,0.0921222148603138,0.08808777088928232,0.09311757481985167,0.09549171061879554,0.09255030330809923,0.21982061079119045,0.16413843614840506,0.08281095394090453,0.07186042462315743
2025-06-16,0.09371178521662306,0.08950371133886378,0.0942549878684782,0.09558459170095868,0.09278186325003536,0.21864826768362616,0.16347903399006272,0.08077642144997212,0.07125933750137987
2025-07-17,0.09469823840913356,0.08976715847477304,0.09423482502241741,0.0955651246883291,0.09207276455452805,0.21950829088940504,0.1627961281665593,0.0789790612605082,0.07237840853434625
2025-08-15,0.0946505273435395,0.09001477570658524,0.09332266684262054,0.09491851409156164,0.09217147886840736,0.22059107681889767,0.16338313615256184,0.0777520119104076,0.07319581226541876
2025-09-16,0.09524179056475766,0.09018357335435973,0.09276228170435108,0.09451320529569832,0.09232568649318983,0.2202124159219801,0.1650401081948092,0.07632303375258537,0.07339790471826885
2025-10-15,0.095968401341224,0.09024515342597654,0.09137973608919203,0.09509583427834534,0.09143725506747352,0.22084452296605747,0.1657977428847508,0.07490420367671244,0.0743271502702677
2025-11-13,0.09643287731775914,0.0905383206602263,0.09190535804673994,0.09283993581317716,0.09689962269965179,0.18931780870384524,0.19700654845957147,0.0706749560500315,0.07438457224899743
2025-12-15,0.09608440859169161,0.09080844205414564,0.09108833090533339,0.09345112510347892,0.0964086064655844,0.18799737118599785,0.20049804487715422,0.0694913706988623,0.0741723001177517
2026-01-15,0.09611153344071674,0.09080444746018083,0.0905085816403423,0.09428083574358144,0.09706001239174267,0.18822140539872984,0.20270508255746886,0.06709336145018288,0.07321473991705442
2026-02-17,0.04889207577244229,0.038069034130303984,0.08797470399651505,0.10157207485522085,0.09828781602797512,0.1900255160913901,0.2225661044068928,0.09703194427700697,0.11558073044225281
2026-03-18,0.0491619784846274,0.03820232889670974,0.08549561488100686,0.10375233376373548,0.0990765119278035,0.19067561552629872,0.22565802125858864,0.0946964276248935,0.11328116763633615
2026-04-17,0.048673601410964315,0.037835922549177683,0.08186388166310049,0.10545309577567752,0.10023130194194424,0.19660676538293853,0.22631232655481462,0.09164655582308313,0.11137654889829945
2026-05-18,0.04878513696481103,0.03773752965784197,0.07944798345470151,0.10656918516922956,0.1010860336106424,0.1983478574867665,0.22781208416482127,0.08987829924302569,0.11033589024816007
2026-06-17,0.04861904960200353,0.03721872765810526,0.0762329193033603,0.10848468007468486,0.10144511861895987,0.19962128638682097,0.22898526581328535,0.08819374873598786,0.11119920380679198
2026-07-20,0.0967793194455025,0.08711742746656619,0.076324417074048,0.09991039134259964,0.10057610252939399,0.23967920155514477,0.18043989143188316,0.05296499298251121,0.06620825617235056
